{
  "seed": 20250622,
  "settings": {
    "n_firms": 120,
    "periods": 96,
    "nkp": 15,
    "nx": 3,
    "nz": 3,
    "cutoff": 12,
    "ks_iterations": 2,
    "vfi_iterations": 12,
    "lag": 60,
    "matlab_compat": false
  },
  "equilibrium": {
    "coefficients": [
      0.27491373512195716,
      0.9015026638464938,
      -0.09336397316023655,
      -1134001053239.4734
    ],
    "r2": 0.877031745249894,
    "sighat": 0.003003801113069206,
    "error": 4549674202642.846,
    "iterations": 2
  },
  "aggregate_ratios": {
    "iyr": 0.18013101980651205,
    "ikr": 0.010000000354359538,
    "theta": 0.07500000263625545,
    "dyr": 0.2086516979594041,
    "fyr": 0.5977074552737239
  },
  "value_premium_table": {
    "mean_pct": {
      "Mkt-Rf": 0.15351872726469815,
      "SMB": -1.627838000429755,
      "HML": -1.8710597305321799,
      "SL": 0.7094156562516649,
      "SM": 0.3627067639967093,
      "SH": -0.6688211373553059,
      "BL": 3.128821380673448,
      "BM": 1.3930551902928299,
      "BH": 0.7649387132160562
    },
    "std_pct": {
      "Mkt-Rf": 0.6597204040588432,
      "SMB": 1.1360637039518138,
      "HML": 1.412063152321646,
      "SL": 1.5052283604645664,
      "SM": 0.7157015287306159,
      "SH": 0.5338123793808703,
      "BL": 0.6286080520385805,
      "BM": 0.7089732198288542,
      "BH": 1.3141423483877244
    },
    "t_stat": {
      "Mkt-Rf": 2.2681054785026276,
      "SMB": -13.965944129420786,
      "HML": -12.915027469109091,
      "SL": 4.593674081677946,
      "SM": 4.93952869210332,
      "SH": -12.211897533781706,
      "BL": 48.51350287379657,
      "BM": 19.15138974365013,
      "BH": 5.673434337799739
    }
  }
}
