{
  "seed": 20250622,
  "settings": {
    "n_firms": 120,
    "periods": 96,
    "nkp": 201,
    "capital_grid": "benchmark",
    "nx": 3,
    "nz": 3,
    "cutoff": 12,
    "ks_iterations": 1,
    "vfi_iterations": 120,
    "lag": 60,
    "matlab_compat": false,
    "initial_coefficients": "vpCode/coefIS.mat"
  },
  "equilibrium": {
    "coefficients": [
      0.2931037563196382,
      0.8945312429698103,
      -0.25823640206007836,
      -0.010463022907583892
    ],
    "r2": 0.9852434038614584,
    "sighat": 0.002631625656897044,
    "error": 0.23504588363213666,
    "iterations": 1,
    "vfi_iterations_final": 120,
    "vfi_errV_final": 0.005376836941927365,
    "vfi_errK_final": 0.0
  },
  "panel_diagnostics": {
    "capital_min": 1.1248401656699234,
    "capital_mean": 1.825687834761023,
    "capital_max": 3.192599418068168,
    "average_cross_sectional_capital_std": 0.4540101627487017,
    "firm_value_min": 1e-08,
    "firm_value_max": 7.258060895593654,
    "firm_return_min": -369.8275222186628,
    "firm_return_max": 757.4848390039103
  },
  "aggregate_ratios": {
    "iyr": 0.37276804505938066,
    "ikr": 0.01338088959022136,
    "theta": 0.2520136561758408,
    "dyr": -0.013656680992304071,
    "fyr": 0.5469459979919883
  },
  "value_premium_table": {
    "mean_pct": {
      "Mkt-Rf": 0.9717134893072265,
      "SMB": 0.07731992135187,
      "HML": 0.3827765978057809,
      "SL": -0.08691199925471584,
      "SM": -0.8928884760400105,
      "SH": -0.19756957040163478,
      "BL": -0.387584244763279,
      "BM": -0.1549554964359312,
      "BH": -0.3447861515798195
    },
    "std_pct": {
      "Mkt-Rf": 7.553429824530814,
      "SMB": 4.131731358148155,
      "HML": 6.121959236857885,
      "SL": 9.279821634476521,
      "SM": 7.733230681671754,
      "SH": 7.803041896407488,
      "BL": 5.547198536970333,
      "BM": 5.593725399219811,
      "BH": 8.236451804682355
    },
    "t_stat": {
      "Mkt-Rf": 1.2538795967357201,
      "SMB": 0.18239844434398417,
      "HML": 0.6094200621847766,
      "SL": -0.09128552424808443,
      "SM": -1.1253770522374376,
      "SH": -0.24678452289017783,
      "BL": -0.6810111265747157,
      "BM": -0.27000241316269347,
      "BH": -0.40801060846081566
    }
  }
}
