{
  "seed": 20250622,
  "settings": {
    "n_firms": 120,
    "periods": 181,
    "nkp": 201,
    "capital_grid": "benchmark",
    "nx": 3,
    "nz": 3,
    "cutoff": 12,
    "ks_iterations": 5,
    "vfi_iterations": 120,
    "lag": 60,
    "matlab_compat": false,
    "initial_coefficients": "vpCode/coefIS.mat"
  },
  "equilibrium": {
    "coefficients": [
      0.13999995907140492,
      0.9487667002572383,
      -0.2538495285944355,
      0.0011444251330007516
    ],
    "r2": 0.9890359734588344,
    "sighat": 0.0032703606666517533,
    "error": 0.19037909240355147,
    "iterations": 5,
    "vfi_iterations_final": 120,
    "vfi_errV_final": 0.0009942225141692518,
    "vfi_errK_final": 0.0
  },
  "panel_diagnostics": {
    "capital_min": 1.0018140580821386,
    "capital_mean": 1.7719610312598086,
    "capital_max": 3.180211154175252,
    "average_cross_sectional_capital_std": 0.3225239748398435,
    "firm_value_min": 1e-08,
    "firm_value_max": 6.179539238036169,
    "firm_return_min": -224.35068275868673,
    "firm_return_max": 4798.622019274915
  },
  "aggregate_ratios": {
    "iyr": 0.3754301143344901,
    "ikr": 0.014229121220404664,
    "theta": 0.33650839856777065,
    "dyr": -0.055927542689376615,
    "fyr": 0.5541620418060722
  },
  "value_premium_table": {
    "mean_pct": {
      "Mkt-Rf": 0.5470201569093548,
      "SMB": -0.5371938912008584,
      "HML": -0.018559605967186206,
      "SL": -1.2205155102916554,
      "SM": 0.2083369338071876,
      "SH": 0.5140549984571048,
      "BL": 0.6806038562303233,
      "BM": 0.4054664187506573,
      "BH": -1.5314822544029332
    },
    "std_pct": {
      "Mkt-Rf": 5.394614825374056,
      "SMB": 8.664677297728032,
      "HML": 12.849632440101452,
      "SL": 16.494629912040924,
      "SM": 6.815133296705778,
      "SH": 9.198203324105709,
      "BL": 4.465101512130119,
      "BM": 5.416188999805962,
      "BH": 13.47077582934789
    },
    "t_stat": {
      "Mkt-Rf": 1.3604392107758372,
      "SMB": -0.8317923564015798,
      "HML": -0.01937823860956046,
      "SL": -0.9927433339790406,
      "SM": 0.41013625935263115,
      "SH": 0.7497955069407374,
      "BL": 2.0450282944005957,
      "BM": 1.0043783275868103,
      "BH": -1.5253012019035415
    }
  }
}
