{
  "seed": 20250622,
  "settings": {
    "n_firms": 120,
    "periods": 96,
    "nkp": 31,
    "capital_grid": "benchmark",
    "nx": 3,
    "nz": 3,
    "cutoff": 12,
    "ks_iterations": 2,
    "vfi_iterations": 80,
    "lag": 60,
    "matlab_compat": false
  },
  "equilibrium": {
    "coefficients": [
      0.26974294351805345,
      0.904187174288056,
      -0.08638965177599638,
      -5520458768818.107
    ],
    "r2": 0.8736090252831437,
    "sighat": 0.0030006251435859845,
    "error": 3097115739863.857,
    "iterations": 2,
    "vfi_iterations_final": 80,
    "vfi_errV_final": 0.014779242362690681,
    "vfi_errK_final": 0.0
  },
  "panel_diagnostics": {
    "capital_min": 1.0084725833650765,
    "capital_mean": 1.008472583365077,
    "capital_max": 1.0084725833650783,
    "average_cross_sectional_capital_std": 4.725029604590274e-16,
    "firm_value_min": 1e-08,
    "firm_value_max": 2.907690205676513,
    "firm_return_min": -542.9833205226295,
    "firm_return_max": 841.3380780748512
  },
  "aggregate_ratios": {
    "iyr": 0.16730895725582304,
    "ikr": 0.010000000000000071,
    "theta": 0.07500000000000047,
    "dyr": 0.21459572563639426,
    "fyr": 0.605547145313596
  },
  "value_premium_table": {
    "mean_pct": {
      "Mkt-Rf": 2.4628638453647382,
      "SMB": 2.7219226178177753,
      "HML": 1.1248115919279509,
      "SL": 30.316024411821058,
      "SM": 8.008546616551955,
      "SH": 2.3752172677011947,
      "BL": 1.961874559597671,
      "BM": -1.5801590045502134,
      "BH": 32.15230488757343
    },
    "std_pct": {
      "Mkt-Rf": 17.44132405601661,
      "SMB": 86.73984799496996,
      "HML": 127.0208973784617,
      "SL": 100.09457703552292,
      "SM": 27.840470951930644,
      "SH": 26.106890829272267,
      "BL": 10.454121544956442,
      "BM": 17.251461664994093,
      "BH": 218.77558037061684
    },
    "t_stat": {
      "Mkt-Rf": 1.3763305654397633,
      "SMB": 0.305857349206934,
      "HML": 0.08631105187765672,
      "SL": 2.9520485928959226,
      "SM": 2.8037477170239646,
      "SH": 0.8867679565490385,
      "BL": 1.8291338760966003,
      "BM": -0.8927640537671655,
      "BH": 1.4324354798642955
    }
  }
}
