{
  "seed": 20250622,
  "settings": {
    "n_firms": 120,
    "periods": 96,
    "nkp": 201,
    "capital_grid": "benchmark",
    "nx": 3,
    "nz": 3,
    "cutoff": 12,
    "ks_iterations": 5,
    "vfi_iterations": 120,
    "lag": 60,
    "matlab_compat": false,
    "initial_coefficients": "vpCode/coefIS.mat"
  },
  "equilibrium": {
    "coefficients": [
      0.2998570493754402,
      0.8916149799269598,
      -0.15681529876323783,
      -0.012182049273301191
    ],
    "r2": 0.9706321660651291,
    "sighat": 0.0036105155662026736,
    "error": 0.20582947039279575,
    "iterations": 5,
    "vfi_iterations_final": 120,
    "vfi_errV_final": 0.004246069758268689,
    "vfi_errK_final": 0.0
  },
  "panel_diagnostics": {
    "capital_min": 1.1841302502356759,
    "capital_mean": 1.9845719957268477,
    "capital_max": 3.1611647229818125,
    "average_cross_sectional_capital_std": 0.4163591057466526,
    "firm_value_min": 1e-08,
    "firm_value_max": 6.586172412473702,
    "firm_return_min": -455.96708156588056,
    "firm_return_max": 41.83123002183559
  },
  "aggregate_ratios": {
    "iyr": 0.3356593955532687,
    "ikr": 0.011470718521015867,
    "theta": 0.37929359758576453,
    "dyr": -0.007373880500335114,
    "fyr": 0.5444010252442041
  },
  "value_premium_table": {
    "mean_pct": {
      "Mkt-Rf": 1.0220890316587672,
      "SMB": 0.46169860706569266,
      "HML": 1.6042460078165541,
      "SL": 1.8331001817078818,
      "SM": 1.77525392247378,
      "SH": 3.0888448242203927,
      "BL": 1.7207907762722976,
      "BM": 1.7005527028990743,
      "BH": 3.3621102764452
    },
    "std_pct": {
      "Mkt-Rf": 9.249658975138864,
      "SMB": 5.741045871372665,
      "HML": 6.798249238519767,
      "SL": 13.912181429124681,
      "SM": 12.298796584136618,
      "SH": 16.778680123051036,
      "BL": 7.8758511260270625,
      "BM": 8.417769392679872,
      "BH": 12.117367237114756
    },
    "t_stat": {
      "Mkt-Rf": 1.07702258217724,
      "SMB": 0.7838434795989732,
      "HML": 2.300041579539579,
      "SL": 1.2842594510114007,
      "SM": 1.4068884523617031,
      "SH": 1.7943208311923657,
      "BL": 2.129572225069586,
      "BM": 1.9690415232899978,
      "BH": 2.7043661207781415
    }
  }
}
