ratio,value
investment_output,0.2147735536966513
investment_capital,0.0099786221765569
adjustment_cost_share,0.11920367689675208
dividend_output,0.18034146626385744
fixed_cost_output,0.5794410573279487
