{
  "source": "python",
  "coefficients": [
    0.049651174775852756,
    0.9818147459855313,
    -0.12071924751953907,
    0.0033195685130567266
  ],
  "r2": 0.9995699102294856,
  "sighat": 0.001280406226252262,
  "tstats": [
    22.057443583835294,
    1293.9573172038117,
    -73.19655768782425,
    4.235591953501037
  ],
  "iterations": 2,
  "error": 0.003126780183545577,
  "vfi_iterations": 105,
  "vfi_errV": 0.0008247705087249813,
  "vfi_errK": 0.0
}
